{"cameraMode":{"drawMode":0,"name":"Shaded","section":"Shading Mode"},"sceneLighting":true,"audioPlay":false,"sceneViewState":{"m_AlwaysRefresh":false,"showFog":true,"showSkybox":true,"showFlares":true,"showImageEffects":true,"showParticleSystems":true,"showVisualEffectGraphs":true,"m_FxEnabled":true},"in2DMode":false,"pivot":{"x":55.392513275146487,"y":15.514226913452149,"z":69.77460479736328},"rotation":{"x":-0.06870847195386887,"y":-0.8948941230773926,"z":0.14790651202201844,"w":-0.41552332043647768},"size":9.168655395507813,"orthographic":false}